Source:,/home/gray/KiCad/graynoise/kassuVCA/kassuVCA.kicad_sch,,,,,,,
Date:,Sat 28 May 2022 04:26:59 PM EDT,,,,,,,
Tool:,Eeschema 6.0.4-1.fc35,,,,,,,
Generator:,/usr/share/kicad/plugins/bom_csv_grouped_by_value.py,,,,,,,
Component Count:,268,,,,,,,
,,,,,,,,
Individual Components:,,,,,,,,
,,,,,,,,
Item,Qty,Reference(s),Value,LibPart,Footprint,Datasheet,,
,,C1,C,Device:C,Capacitor_THT:C_Disc_D4.7mm_W2.5mm_P5.00mm,~,,
,,C2,C,Device:C,Capacitor_THT:C_Disc_D4.7mm_W2.5mm_P5.00mm,~,,
,,C3,C,Device:C,Capacitor_THT:C_Disc_D4.7mm_W2.5mm_P5.00mm,~,,
,,C4,C,Device:C,Capacitor_THT:C_Disc_D4.7mm_W2.5mm_P5.00mm,~,,
,,C401,C,Device:C,Capacitor_THT:C_Disc_D4.7mm_W2.5mm_P5.00mm,~,,
,,C402,C,Device:C,Capacitor_THT:C_Disc_D4.7mm_W2.5mm_P5.00mm,~,,
,,C501,C,Device:C,Capacitor_THT:C_Disc_D4.7mm_W2.5mm_P5.00mm,~,,
,,C502,C,Device:C,Capacitor_THT:C_Disc_D4.7mm_W2.5mm_P5.00mm,~,,
,,CV1,AudioJack2_SwitchT,Connector:AudioJack2_SwitchT,Connector_Audio:Jack_3.5mm_QingPu_WQP-PJ398SM_Vertical_CircularHoles,~,,
,,CV2,AudioJack2_Switch,Connector:AudioJack2_SwitchT,Connector_Audio:Jack_3.5mm_QingPu_WQP-PJ398SM_Vertical_CircularHoles,~,,
,,CV3,AudioJack2_SwitchT,Connector:AudioJack2_SwitchT,Connector_Audio:Jack_3.5mm_QingPu_WQP-PJ398SM_Vertical_CircularHoles,~,,
,,CV4,AudioJack2_Switch,Connector:AudioJack2_SwitchT,Connector_Audio:Jack_3.5mm_QingPu_WQP-PJ398SM_Vertical_CircularHoles,~,,
,,CV5,AudioJack2_SwitchT,Connector:AudioJack2_SwitchT,Connector_Audio:Jack_3.5mm_QingPu_WQP-PJ398SM_Vertical_CircularHoles,~,,
,,CV6,AudioJack2_SwitchT,Connector:AudioJack2_SwitchT,Connector_Audio:Jack_3.5mm_QingPu_WQP-PJ398SM_Vertical_CircularHoles,~,,
,,CV7,AudioJack2_SwitchT,Connector:AudioJack2_SwitchT,Connector_Audio:Jack_3.5mm_QingPu_WQP-PJ398SM_Vertical_CircularHoles,~,,
,,CV8,AudioJack2_SwitchT,Connector:AudioJack2_SwitchT,Connector_Audio:Jack_3.5mm_QingPu_WQP-PJ398SM_Vertical_CircularHoles,~,,
,,CVAtten1,100K,kassuVCA-rescue:R_POT-Device,Potentiometer_THT:Potentiometer_Alps_RK09K_Single_Vertical,,,
,,CVAtten2,100K,kassuVCA-rescue:R_POT-Device,Potentiometer_THT:Potentiometer_Alps_RK09K_Single_Vertical,,,
,,CVAtten3,100K,kassuVCA-rescue:R_POT-Device,Potentiometer_THT:Potentiometer_Alps_RK09K_Single_Vertical,,,
,,CVAtten4,100K,kassuVCA-rescue:R_POT-Device,Potentiometer_THT:Potentiometer_Alps_RK09K_Single_Vertical,,,
,,CVAtten5,100K,kassuVCA-rescue:R_POT-Device,Potentiometer_THT:Potentiometer_Alps_RK09K_Single_Vertical,,,
,,CVAtten6,100K,kassuVCA-rescue:R_POT-Device,Potentiometer_THT:Potentiometer_Alps_RK09K_Single_Vertical,,,
,,CVAtten7,100K,kassuVCA-rescue:R_POT-Device,Potentiometer_THT:Potentiometer_Alps_RK09K_Single_Vertical,,,
,,CVAtten8,100K,kassuVCA-rescue:R_POT-Device,Potentiometer_THT:Potentiometer_Alps_RK09K_Single_Vertical,,,
,,IN1,AudioJack2_SwitchT,Connector:AudioJack2_SwitchT,Connector_Audio:Jack_3.5mm_QingPu_WQP-PJ398SM_Vertical_CircularHoles,~,,
,,IN2,AudioJack2_SwitchT,Connector:AudioJack2_SwitchT,Connector_Audio:Jack_3.5mm_QingPu_WQP-PJ398SM_Vertical_CircularHoles,~,,
,,IN3,AudioJack2_SwitchT,Connector:AudioJack2_SwitchT,Connector_Audio:Jack_3.5mm_QingPu_WQP-PJ398SM_Vertical_CircularHoles,~,,
,,IN4,AudioJack2_SwitchT,Connector:AudioJack2_SwitchT,Connector_Audio:Jack_3.5mm_QingPu_WQP-PJ398SM_Vertical_CircularHoles,~,,
,,In5,AudioJack2_SwitchT,Connector:AudioJack2_SwitchT,Connector_Audio:Jack_3.5mm_QingPu_WQP-PJ398SM_Vertical_CircularHoles,~,,
,,In6,AudioJack2_SwitchT,Connector:AudioJack2_SwitchT,Connector_Audio:Jack_3.5mm_QingPu_WQP-PJ398SM_Vertical_CircularHoles,~,,
,,In7,AudioJack2_SwitchT,Connector:AudioJack2_SwitchT,Connector_Audio:Jack_3.5mm_QingPu_WQP-PJ398SM_Vertical_CircularHoles,~,,
,,In8,AudioJack2_SwitchT,Connector:AudioJack2_SwitchT,Connector_Audio:Jack_3.5mm_QingPu_WQP-PJ398SM_Vertical_CircularHoles,~,,
,,J201,Conn_02x05_Odd_Even,Connector_Generic:Conn_02x05_Odd_Even,Connector_PinHeader_2.54mm:PinHeader_2x05_P2.54mm_Vertical,~,,
,,Level1,100K,kassuVCA-rescue:R_POT-Device,MixerFootprints:A-1623_SlidePot,,,
,,Level2,100K,kassuVCA-rescue:R_POT-Device,MixerFootprints:A-1623_SlidePot,,,
,,Level3,100K,kassuVCA-rescue:R_POT-Device,MixerFootprints:A-1623_SlidePot,,,
,,Level4,100K,kassuVCA-rescue:R_POT-Device,MixerFootprints:A-1623_SlidePot,,,
,,Level5,100K,kassuVCA-rescue:R_POT-Device,MixerFootprints:A-1623_SlidePot,,,
,,Level6,100K,kassuVCA-rescue:R_POT-Device,MixerFootprints:A-1623_SlidePot,,,
,,Level7,100K,kassuVCA-rescue:R_POT-Device,MixerFootprints:A-1623_SlidePot,,,
,,Level8,100K,kassuVCA-rescue:R_POT-Device,MixerFootprints:A-1623_SlidePot,,,
,,mute1,SW_DPDT_x2,Switch:SW_DPDT_x2,MixerFootprints:A-330-6mm-dpdt,~,,
,,mute2,SW_DPDT_x2,Switch:SW_DPDT_x2,MixerFootprints:A-330-6mm-dpdt,~,,
,,mute3,SW_DPDT_x2,Switch:SW_DPDT_x2,MixerFootprints:A-330-6mm-dpdt,~,,
,,mute4,SW_DPDT_x2,Switch:SW_DPDT_x2,MixerFootprints:A-330-6mm-dpdt,~,,
,,mute5,mute5,Switch:SW_DPDT_x2,MixerFootprints:A-330-6mm-dpdt,~,,
,,mute6,SW_DPDT_x2,Switch:SW_DPDT_x2,MixerFootprints:A-330-6mm-dpdt,~,,
,,mute7,mute7,Switch:SW_DPDT_x2,MixerFootprints:A-330-6mm-dpdt,~,,
,,mute8,SW_DPDT_x2,Switch:SW_DPDT_x2,MixerFootprints:A-330-6mm-dpdt,~,,
,,OutL301,AudioJack2_SwitchT,Connector:AudioJack2_SwitchT,Connector_Audio:Jack_3.5mm_QingPu_WQP-PJ398SM_Vertical_CircularHoles,~,,
,,OutR301,AudioJack2_SwitchT,Connector:AudioJack2_SwitchT,Connector_Audio:Jack_3.5mm_QingPu_WQP-PJ398SM_Vertical_CircularHoles,~,,
,,Pan1,100K,kassuVCA-rescue:R_POT-Device,Potentiometer_THT:Potentiometer_Alps_RK09K_Single_Vertical,,,
,,Pan2,100K,kassuVCA-rescue:R_POT-Device,Potentiometer_THT:Potentiometer_Alps_RK09K_Single_Vertical,,,
,,Pan3,100K,kassuVCA-rescue:R_POT-Device,Potentiometer_THT:Potentiometer_Alps_RK09K_Single_Vertical,,,
,,Pan4,100K,kassuVCA-rescue:R_POT-Device,Potentiometer_THT:Potentiometer_Alps_RK09K_Single_Vertical,,,
,,Pan5,100K,kassuVCA-rescue:R_POT-Device,Potentiometer_THT:Potentiometer_Alps_RK09K_Single_Vertical,,,
,,Pan6,100K,kassuVCA-rescue:R_POT-Device,Potentiometer_THT:Potentiometer_Alps_RK09K_Single_Vertical,,,
,,Pan7,100K,kassuVCA-rescue:R_POT-Device,Potentiometer_THT:Potentiometer_Alps_RK09K_Single_Vertical,,,
,,Pan8,100K,kassuVCA-rescue:R_POT-Device,Potentiometer_THT:Potentiometer_Alps_RK09K_Single_Vertical,,,
,,Q1,MMBT3904,Transistor_BJT:MMBT3904,Package_TO_SOT_SMD:SOT-23,https://www.onsemi.com/pub/Collateral/2N3903-D.PDF,,
,,Q2,MMBT3904,Transistor_BJT:MMBT3904,Package_TO_SOT_SMD:SOT-23,https://www.onsemi.com/pub/Collateral/2N3903-D.PDF,,
,,Q3,MBT3904DW1,Transistor_BJT:MBT3904DW1,Package_TO_SOT_SMD:SOT-363_SC-70-6,http://www.onsemi.com/pub_link/Collateral/MBT3904DW1T1-D.PDF,,
,,Q4,MBT3904DW1,Transistor_BJT:MBT3904DW1,Package_TO_SOT_SMD:SOT-363_SC-70-6,http://www.onsemi.com/pub_link/Collateral/MBT3904DW1T1-D.PDF,,
,,Q5,MMBT3904,Transistor_BJT:MMBT3904,Package_TO_SOT_SMD:SOT-23,https://www.onsemi.com/pub/Collateral/2N3903-D.PDF,,
,,Q6,MMBT3904,Transistor_BJT:MMBT3904,Package_TO_SOT_SMD:SOT-23,https://www.onsemi.com/pub/Collateral/2N3903-D.PDF,,
,,Q7,MBT3904DW1,Transistor_BJT:MBT3904DW1,Package_TO_SOT_SMD:SOT-363_SC-70-6,http://www.onsemi.com/pub_link/Collateral/MBT3904DW1T1-D.PDF,,
,,Q8,MBT3904DW1,Transistor_BJT:MBT3904DW1,Package_TO_SOT_SMD:SOT-363_SC-70-6,http://www.onsemi.com/pub_link/Collateral/MBT3904DW1T1-D.PDF,,
,,Q401,MMBT3904,Transistor_BJT:MMBT3904,Package_TO_SOT_SMD:SOT-23,https://www.onsemi.com/pub/Collateral/2N3903-D.PDF,,
,,Q402,MBT3904DW1,Transistor_BJT:MBT3904DW1,Package_TO_SOT_SMD:SOT-363_SC-70-6,http://www.onsemi.com/pub_link/Collateral/MBT3904DW1T1-D.PDF,,
,,Q403,MBT3904DW1,Transistor_BJT:MBT3904DW1,Package_TO_SOT_SMD:SOT-363_SC-70-6,http://www.onsemi.com/pub_link/Collateral/MBT3904DW1T1-D.PDF,,
,,Q404,MMBT3904,Transistor_BJT:MMBT3904,Package_TO_SOT_SMD:SOT-23,https://www.onsemi.com/pub/Collateral/2N3903-D.PDF,,
,,Q501,MMBT3904,Transistor_BJT:MMBT3904,Package_TO_SOT_SMD:SOT-23,https://www.onsemi.com/pub/Collateral/2N3903-D.PDF,,
,,Q502,MMBT3904,Transistor_BJT:MMBT3904,Package_TO_SOT_SMD:SOT-23,https://www.onsemi.com/pub/Collateral/2N3903-D.PDF,,
,,Q503,MBT3904DW1,Transistor_BJT:MBT3904DW1,Package_TO_SOT_SMD:SOT-363_SC-70-6,http://www.onsemi.com/pub_link/Collateral/MBT3904DW1T1-D.PDF,,
,,Q504,MBT3904DW1,Transistor_BJT:MBT3904DW1,Package_TO_SOT_SMD:SOT-363_SC-70-6,http://www.onsemi.com/pub_link/Collateral/MBT3904DW1T1-D.PDF,,
,,R1,220K,Device:R,Resistor_SMD:R_0805_2012Metric_Pad1.20x1.40mm_HandSolder,~,,
,,R2,220K,Device:R,Resistor_SMD:R_0805_2012Metric_Pad1.20x1.40mm_HandSolder,~,,
,,R3,100K,Device:R,Resistor_SMD:R_0805_2012Metric_Pad1.20x1.40mm_HandSolder,~,,
,,R4,100K,Device:R,Resistor_SMD:R_0805_2012Metric_Pad1.20x1.40mm_HandSolder,~,,
,,R5,220K,Device:R,Resistor_SMD:R_0805_2012Metric_Pad1.20x1.40mm_HandSolder,~,,
,,R6,220K,Device:R,Resistor_SMD:R_0805_2012Metric_Pad1.20x1.40mm_HandSolder,~,,
,,R7,47K,Device:R,Resistor_SMD:R_0805_2012Metric_Pad1.20x1.40mm_HandSolder,~,,
,,R8,47K,Device:R,Resistor_SMD:R_0805_2012Metric_Pad1.20x1.40mm_HandSolder,~,,
,,R9,22K,Device:R,Resistor_SMD:R_0805_2012Metric_Pad1.20x1.40mm_HandSolder,~,,
,,R10,22K,Device:R,Resistor_SMD:R_0805_2012Metric_Pad1.20x1.40mm_HandSolder,~,,
,,R11,22K,Device:R,Resistor_SMD:R_0805_2012Metric_Pad1.20x1.40mm_HandSolder,~,,
,,R12,22K,Device:R,Resistor_SMD:R_0805_2012Metric_Pad1.20x1.40mm_HandSolder,~,,
,,R13,1K,Device:R,Resistor_SMD:R_0805_2012Metric_Pad1.20x1.40mm_HandSolder,~,,
,,R14,1K,Device:R,Resistor_SMD:R_0805_2012Metric_Pad1.20x1.40mm_HandSolder,~,,
,,R15,1K,Device:R,Resistor_SMD:R_0805_2012Metric_Pad1.20x1.40mm_HandSolder,~,,
,,R16,1K,Device:R,Resistor_SMD:R_0805_2012Metric_Pad1.20x1.40mm_HandSolder,~,,
,,R17,10K,Device:R,Resistor_SMD:R_0805_2012Metric_Pad1.20x1.40mm_HandSolder,~,,
,,R18,10K,Device:R,Resistor_SMD:R_0805_2012Metric_Pad1.20x1.40mm_HandSolder,~,,
,,R19,22K,Device:R,Resistor_SMD:R_0805_2012Metric_Pad1.20x1.40mm_HandSolder,~,,
,,R20,10K,Device:R,Resistor_SMD:R_0805_2012Metric_Pad1.20x1.40mm_HandSolder,~,,
,,R21,22K,Device:R,Resistor_SMD:R_0805_2012Metric_Pad1.20x1.40mm_HandSolder,~,,
,,R22,10K,Device:R,Resistor_SMD:R_0805_2012Metric_Pad1.20x1.40mm_HandSolder,~,,
,,R23,10K,Device:R,Resistor_SMD:R_0805_2012Metric_Pad1.20x1.40mm_HandSolder,~,,
,,R24,10K,Device:R,Resistor_SMD:R_0805_2012Metric_Pad1.20x1.40mm_HandSolder,~,,
,,R25,10K,Device:R,Resistor_SMD:R_0805_2012Metric_Pad1.20x1.40mm_HandSolder,~,,
,,R26,10K,Device:R,Resistor_SMD:R_0805_2012Metric_Pad1.20x1.40mm_HandSolder,~,,
,,R27,10K,Device:R,Resistor_SMD:R_0805_2012Metric_Pad1.20x1.40mm_HandSolder,~,,
,,R28,10K,Device:R,Resistor_SMD:R_0805_2012Metric_Pad1.20x1.40mm_HandSolder,~,,
,,R29,220K,Device:R,Resistor_SMD:R_0805_2012Metric_Pad1.20x1.40mm_HandSolder,~,,
,,R30,220K,Device:R,Resistor_SMD:R_0805_2012Metric_Pad1.20x1.40mm_HandSolder,~,,
,,R31,220K,Device:R,Resistor_SMD:R_0805_2012Metric_Pad1.20x1.40mm_HandSolder,~,,
,,R32,220K,Device:R,Resistor_SMD:R_0805_2012Metric_Pad1.20x1.40mm_HandSolder,~,,
,,R33,220K,Device:R,Resistor_SMD:R_0805_2012Metric_Pad1.20x1.40mm_HandSolder,~,,
,,R34,220K,Device:R,Resistor_SMD:R_0805_2012Metric_Pad1.20x1.40mm_HandSolder,~,,
,,R35,22K,Device:R,Resistor_SMD:R_0805_2012Metric_Pad1.20x1.40mm_HandSolder,~,,
,,R36,22K,Device:R,Resistor_SMD:R_0805_2012Metric_Pad1.20x1.40mm_HandSolder,~,,
,,R37,22K,Device:R,Resistor_SMD:R_0805_2012Metric_Pad1.20x1.40mm_HandSolder,~,,
,,R38,22K,Device:R,Resistor_SMD:R_0805_2012Metric_Pad1.20x1.40mm_HandSolder,~,,
,,R39,22K,Device:R,Resistor_SMD:R_0805_2012Metric_Pad1.20x1.40mm_HandSolder,~,,
,,R40,22K,Device:R,Resistor_SMD:R_0805_2012Metric_Pad1.20x1.40mm_HandSolder,~,,
,,R41,22K,Device:R,Resistor_SMD:R_0805_2012Metric_Pad1.20x1.40mm_HandSolder,~,,
,,R42,22K,Device:R,Resistor_SMD:R_0805_2012Metric_Pad1.20x1.40mm_HandSolder,~,,
,,R43,220K,Device:R,Resistor_SMD:R_0805_2012Metric_Pad1.20x1.40mm_HandSolder,~,,
,,R44,220K,Device:R,Resistor_SMD:R_0805_2012Metric_Pad1.20x1.40mm_HandSolder,~,,
,,R45,100K,Device:R,Resistor_SMD:R_0805_2012Metric_Pad1.20x1.40mm_HandSolder,~,,
,,R46,100K,Device:R,Resistor_SMD:R_0805_2012Metric_Pad1.20x1.40mm_HandSolder,~,,
,,R47,220K,Device:R,Resistor_SMD:R_0805_2012Metric_Pad1.20x1.40mm_HandSolder,~,,
,,R48,220K,Device:R,Resistor_SMD:R_0805_2012Metric_Pad1.20x1.40mm_HandSolder,~,,
,,R49,47K,Device:R,Resistor_SMD:R_0805_2012Metric_Pad1.20x1.40mm_HandSolder,~,,
,,R50,47K,Device:R,Resistor_SMD:R_0805_2012Metric_Pad1.20x1.40mm_HandSolder,~,,
,,R51,22K,Device:R,Resistor_SMD:R_0805_2012Metric_Pad1.20x1.40mm_HandSolder,~,,
,,R52,22K,Device:R,Resistor_SMD:R_0805_2012Metric_Pad1.20x1.40mm_HandSolder,~,,
,,R53,22K,Device:R,Resistor_SMD:R_0805_2012Metric_Pad1.20x1.40mm_HandSolder,~,,
,,R54,22K,Device:R,Resistor_SMD:R_0805_2012Metric_Pad1.20x1.40mm_HandSolder,~,,
,,R55,1K,Device:R,Resistor_SMD:R_0805_2012Metric_Pad1.20x1.40mm_HandSolder,~,,
,,R56,1K,Device:R,Resistor_SMD:R_0805_2012Metric_Pad1.20x1.40mm_HandSolder,~,,
,,R57,1K,Device:R,Resistor_SMD:R_0805_2012Metric_Pad1.20x1.40mm_HandSolder,~,,
,,R58,1K,Device:R,Resistor_SMD:R_0805_2012Metric_Pad1.20x1.40mm_HandSolder,~,,
,,R59,10K,Device:R,Resistor_SMD:R_0805_2012Metric_Pad1.20x1.40mm_HandSolder,~,,
,,R60,10K,Device:R,Resistor_SMD:R_0805_2012Metric_Pad1.20x1.40mm_HandSolder,~,,
,,R61,22K,Device:R,Resistor_SMD:R_0805_2012Metric_Pad1.20x1.40mm_HandSolder,~,,
,,R62,10K,Device:R,Resistor_SMD:R_0805_2012Metric_Pad1.20x1.40mm_HandSolder,~,,
,,R63,22K,Device:R,Resistor_SMD:R_0805_2012Metric_Pad1.20x1.40mm_HandSolder,~,,
,,R64,10K,Device:R,Resistor_SMD:R_0805_2012Metric_Pad1.20x1.40mm_HandSolder,~,,
,,R65,10K,Device:R,Resistor_SMD:R_0805_2012Metric_Pad1.20x1.40mm_HandSolder,~,,
,,R66,10K,Device:R,Resistor_SMD:R_0805_2012Metric_Pad1.20x1.40mm_HandSolder,~,,
,,R67,10K,Device:R,Resistor_SMD:R_0805_2012Metric_Pad1.20x1.40mm_HandSolder,~,,
,,R68,10K,Device:R,Resistor_SMD:R_0805_2012Metric_Pad1.20x1.40mm_HandSolder,~,,
,,R69,10K,Device:R,Resistor_SMD:R_0805_2012Metric_Pad1.20x1.40mm_HandSolder,~,,
,,R70,10K,Device:R,Resistor_SMD:R_0805_2012Metric_Pad1.20x1.40mm_HandSolder,~,,
,,R71,220K,Device:R,Resistor_SMD:R_0805_2012Metric_Pad1.20x1.40mm_HandSolder,~,,
,,R72,220K,Device:R,Resistor_SMD:R_0805_2012Metric_Pad1.20x1.40mm_HandSolder,~,,
,,R73,220K,Device:R,Resistor_SMD:R_0805_2012Metric_Pad1.20x1.40mm_HandSolder,~,,
,,R74,220K,Device:R,Resistor_SMD:R_0805_2012Metric_Pad1.20x1.40mm_HandSolder,~,,
,,R75,220K,Device:R,Resistor_SMD:R_0805_2012Metric_Pad1.20x1.40mm_HandSolder,~,,
,,R76,220K,Device:R,Resistor_SMD:R_0805_2012Metric_Pad1.20x1.40mm_HandSolder,~,,
,,R77,22K,Device:R,Resistor_SMD:R_0805_2012Metric_Pad1.20x1.40mm_HandSolder,~,,
,,R78,22K,Device:R,Resistor_SMD:R_0805_2012Metric_Pad1.20x1.40mm_HandSolder,~,,
,,R79,22K,Device:R,Resistor_SMD:R_0805_2012Metric_Pad1.20x1.40mm_HandSolder,~,,
,,R80,22K,Device:R,Resistor_SMD:R_0805_2012Metric_Pad1.20x1.40mm_HandSolder,~,,
,,R81,22K,Device:R,Resistor_SMD:R_0805_2012Metric_Pad1.20x1.40mm_HandSolder,~,,
,,R82,22K,Device:R,Resistor_SMD:R_0805_2012Metric_Pad1.20x1.40mm_HandSolder,~,,
,,R83,22K,Device:R,Resistor_SMD:R_0805_2012Metric_Pad1.20x1.40mm_HandSolder,~,,
,,R84,22K,Device:R,Resistor_SMD:R_0805_2012Metric_Pad1.20x1.40mm_HandSolder,~,,
,,R301,39K,Device:R_Small,Resistor_SMD:R_0805_2012Metric_Pad1.20x1.40mm_HandSolder,~,,
,,R302,39K,Device:R_Small,Resistor_SMD:R_0805_2012Metric_Pad1.20x1.40mm_HandSolder,~,,
,,R303,2K,Device:R_Small,Resistor_SMD:R_0805_2012Metric_Pad1.20x1.40mm_HandSolder,~,,
,,R304,2K,Device:R_Small,Resistor_SMD:R_0805_2012Metric_Pad1.20x1.40mm_HandSolder,~,,
,,R305,100K,Device:R_Small,Resistor_SMD:R_0805_2012Metric_Pad1.20x1.40mm_HandSolder,~,,
,,R306,100K,Device:R_Small,Resistor_SMD:R_0805_2012Metric_Pad1.20x1.40mm_HandSolder,~,,
,,R307,1K,Device:R_Small,Resistor_SMD:R_0805_2012Metric_Pad1.20x1.40mm_HandSolder,~,,
,,R308,1K,Device:R_Small,Resistor_SMD:R_0805_2012Metric_Pad1.20x1.40mm_HandSolder,~,,
,,R401,220K,Device:R,Resistor_SMD:R_0805_2012Metric_Pad1.20x1.40mm_HandSolder,~,,
,,R402,220K,Device:R,Resistor_SMD:R_0805_2012Metric_Pad1.20x1.40mm_HandSolder,~,,
,,R403,100K,Device:R,Resistor_SMD:R_0805_2012Metric_Pad1.20x1.40mm_HandSolder,~,,
,,R404,100K,Device:R,Resistor_SMD:R_0805_2012Metric_Pad1.20x1.40mm_HandSolder,~,,
,,R405,220K,Device:R,Resistor_SMD:R_0805_2012Metric_Pad1.20x1.40mm_HandSolder,~,,
,,R406,220K,Device:R,Resistor_SMD:R_0805_2012Metric_Pad1.20x1.40mm_HandSolder,~,,
,,R407,47K,Device:R,Resistor_SMD:R_0805_2012Metric_Pad1.20x1.40mm_HandSolder,~,,
,,R408,47K,Device:R,Resistor_SMD:R_0805_2012Metric_Pad1.20x1.40mm_HandSolder,~,,
,,R409,22K,Device:R,Resistor_SMD:R_0805_2012Metric_Pad1.20x1.40mm_HandSolder,~,,
,,R410,22K,Device:R,Resistor_SMD:R_0805_2012Metric_Pad1.20x1.40mm_HandSolder,~,,
,,R411,22K,Device:R,Resistor_SMD:R_0805_2012Metric_Pad1.20x1.40mm_HandSolder,~,,
,,R412,22K,Device:R,Resistor_SMD:R_0805_2012Metric_Pad1.20x1.40mm_HandSolder,~,,
,,R413,1K,Device:R,Resistor_SMD:R_0805_2012Metric_Pad1.20x1.40mm_HandSolder,~,,
,,R414,1K,Device:R,Resistor_SMD:R_0805_2012Metric_Pad1.20x1.40mm_HandSolder,~,,
,,R415,1K,Device:R,Resistor_SMD:R_0805_2012Metric_Pad1.20x1.40mm_HandSolder,~,,
,,R416,1K,Device:R,Resistor_SMD:R_0805_2012Metric_Pad1.20x1.40mm_HandSolder,~,,
,,R417,10K,Device:R,Resistor_SMD:R_0805_2012Metric_Pad1.20x1.40mm_HandSolder,~,,
,,R418,10K,Device:R,Resistor_SMD:R_0805_2012Metric_Pad1.20x1.40mm_HandSolder,~,,
,,R419,22K,Device:R,Resistor_SMD:R_0805_2012Metric_Pad1.20x1.40mm_HandSolder,~,,
,,R420,10K,Device:R,Resistor_SMD:R_0805_2012Metric_Pad1.20x1.40mm_HandSolder,~,,
,,R421,22K,Device:R,Resistor_SMD:R_0805_2012Metric_Pad1.20x1.40mm_HandSolder,~,,
,,R422,10K,Device:R,Resistor_SMD:R_0805_2012Metric_Pad1.20x1.40mm_HandSolder,~,,
,,R423,10K,Device:R,Resistor_SMD:R_0805_2012Metric_Pad1.20x1.40mm_HandSolder,~,,
,,R424,10K,Device:R,Resistor_SMD:R_0805_2012Metric_Pad1.20x1.40mm_HandSolder,~,,
,,R425,10K,Device:R,Resistor_SMD:R_0805_2012Metric_Pad1.20x1.40mm_HandSolder,~,,
,,R426,10K,Device:R,Resistor_SMD:R_0805_2012Metric_Pad1.20x1.40mm_HandSolder,~,,
,,R427,10K,Device:R,Resistor_SMD:R_0805_2012Metric_Pad1.20x1.40mm_HandSolder,~,,
,,R428,10K,Device:R,Resistor_SMD:R_0805_2012Metric_Pad1.20x1.40mm_HandSolder,~,,
,,R429,220K,Device:R,Resistor_SMD:R_0805_2012Metric_Pad1.20x1.40mm_HandSolder,~,,
,,R430,220K,Device:R,Resistor_SMD:R_0805_2012Metric_Pad1.20x1.40mm_HandSolder,~,,
,,R431,220K,Device:R,Resistor_SMD:R_0805_2012Metric_Pad1.20x1.40mm_HandSolder,~,,
,,R432,220K,Device:R,Resistor_SMD:R_0805_2012Metric_Pad1.20x1.40mm_HandSolder,~,,
,,R433,220K,Device:R,Resistor_SMD:R_0805_2012Metric_Pad1.20x1.40mm_HandSolder,~,,
,,R434,220K,Device:R,Resistor_SMD:R_0805_2012Metric_Pad1.20x1.40mm_HandSolder,~,,
,,R435,22K,Device:R,Resistor_SMD:R_0805_2012Metric_Pad1.20x1.40mm_HandSolder,~,,
,,R436,22K,Device:R,Resistor_SMD:R_0805_2012Metric_Pad1.20x1.40mm_HandSolder,~,,
,,R437,22K,Device:R,Resistor_SMD:R_0805_2012Metric_Pad1.20x1.40mm_HandSolder,~,,
,,R438,22K,Device:R,Resistor_SMD:R_0805_2012Metric_Pad1.20x1.40mm_HandSolder,~,,
,,R439,22K,Device:R,Resistor_SMD:R_0805_2012Metric_Pad1.20x1.40mm_HandSolder,~,,
,,R440,22K,Device:R,Resistor_SMD:R_0805_2012Metric_Pad1.20x1.40mm_HandSolder,~,,
,,R441,22K,Device:R,Resistor_SMD:R_0805_2012Metric_Pad1.20x1.40mm_HandSolder,~,,
,,R442,22K,Device:R,Resistor_SMD:R_0805_2012Metric_Pad1.20x1.40mm_HandSolder,~,,
,,R501,220K,Device:R,Resistor_SMD:R_0805_2012Metric_Pad1.20x1.40mm_HandSolder,~,,
,,R502,220K,Device:R,Resistor_SMD:R_0805_2012Metric_Pad1.20x1.40mm_HandSolder,~,,
,,R503,100K,Device:R,Resistor_SMD:R_0805_2012Metric_Pad1.20x1.40mm_HandSolder,~,,
,,R504,100K,Device:R,Resistor_SMD:R_0805_2012Metric_Pad1.20x1.40mm_HandSolder,~,,
,,R505,220K,Device:R,Resistor_SMD:R_0805_2012Metric_Pad1.20x1.40mm_HandSolder,~,,
,,R506,220K,Device:R,Resistor_SMD:R_0805_2012Metric_Pad1.20x1.40mm_HandSolder,~,,
,,R507,47K,Device:R,Resistor_SMD:R_0805_2012Metric_Pad1.20x1.40mm_HandSolder,~,,
,,R508,47K,Device:R,Resistor_SMD:R_0805_2012Metric_Pad1.20x1.40mm_HandSolder,~,,
,,R509,22K,Device:R,Resistor_SMD:R_0805_2012Metric_Pad1.20x1.40mm_HandSolder,~,,
,,R510,22K,Device:R,Resistor_SMD:R_0805_2012Metric_Pad1.20x1.40mm_HandSolder,~,,
,,R511,22K,Device:R,Resistor_SMD:R_0805_2012Metric_Pad1.20x1.40mm_HandSolder,~,,
,,R512,22K,Device:R,Resistor_SMD:R_0805_2012Metric_Pad1.20x1.40mm_HandSolder,~,,
,,R513,1K,Device:R,Resistor_SMD:R_0805_2012Metric_Pad1.20x1.40mm_HandSolder,~,,
,,R514,1K,Device:R,Resistor_SMD:R_0805_2012Metric_Pad1.20x1.40mm_HandSolder,~,,
,,R515,1K,Device:R,Resistor_SMD:R_0805_2012Metric_Pad1.20x1.40mm_HandSolder,~,,
,,R516,1K,Device:R,Resistor_SMD:R_0805_2012Metric_Pad1.20x1.40mm_HandSolder,~,,
,,R517,10K,Device:R,Resistor_SMD:R_0805_2012Metric_Pad1.20x1.40mm_HandSolder,~,,
,,R518,10K,Device:R,Resistor_SMD:R_0805_2012Metric_Pad1.20x1.40mm_HandSolder,~,,
,,R519,22K,Device:R,Resistor_SMD:R_0805_2012Metric_Pad1.20x1.40mm_HandSolder,~,,
,,R520,10K,Device:R,Resistor_SMD:R_0805_2012Metric_Pad1.20x1.40mm_HandSolder,~,,
,,R521,22K,Device:R,Resistor_SMD:R_0805_2012Metric_Pad1.20x1.40mm_HandSolder,~,,
,,R522,10K,Device:R,Resistor_SMD:R_0805_2012Metric_Pad1.20x1.40mm_HandSolder,~,,
,,R523,10K,Device:R,Resistor_SMD:R_0805_2012Metric_Pad1.20x1.40mm_HandSolder,~,,
,,R524,10K,Device:R,Resistor_SMD:R_0805_2012Metric_Pad1.20x1.40mm_HandSolder,~,,
,,R525,10K,Device:R,Resistor_SMD:R_0805_2012Metric_Pad1.20x1.40mm_HandSolder,~,,
,,R526,10K,Device:R,Resistor_SMD:R_0805_2012Metric_Pad1.20x1.40mm_HandSolder,~,,
,,R527,10K,Device:R,Resistor_SMD:R_0805_2012Metric_Pad1.20x1.40mm_HandSolder,~,,
,,R528,10K,Device:R,Resistor_SMD:R_0805_2012Metric_Pad1.20x1.40mm_HandSolder,~,,
,,R529,220K,Device:R,Resistor_SMD:R_0805_2012Metric_Pad1.20x1.40mm_HandSolder,~,,
,,R530,220K,Device:R,Resistor_SMD:R_0805_2012Metric_Pad1.20x1.40mm_HandSolder,~,,
,,R531,220K,Device:R,Resistor_SMD:R_0805_2012Metric_Pad1.20x1.40mm_HandSolder,~,,
,,R532,220K,Device:R,Resistor_SMD:R_0805_2012Metric_Pad1.20x1.40mm_HandSolder,~,,
,,R533,220K,Device:R,Resistor_SMD:R_0805_2012Metric_Pad1.20x1.40mm_HandSolder,~,,
,,R534,220K,Device:R,Resistor_SMD:R_0805_2012Metric_Pad1.20x1.40mm_HandSolder,~,,
,,R535,22K,Device:R,Resistor_SMD:R_0805_2012Metric_Pad1.20x1.40mm_HandSolder,~,,
,,R536,22K,Device:R,Resistor_SMD:R_0805_2012Metric_Pad1.20x1.40mm_HandSolder,~,,
,,R537,22K,Device:R,Resistor_SMD:R_0805_2012Metric_Pad1.20x1.40mm_HandSolder,~,,
,,R538,22K,Device:R,Resistor_SMD:R_0805_2012Metric_Pad1.20x1.40mm_HandSolder,~,,
,,R539,22K,Device:R,Resistor_SMD:R_0805_2012Metric_Pad1.20x1.40mm_HandSolder,~,,
,,R540,22K,Device:R,Resistor_SMD:R_0805_2012Metric_Pad1.20x1.40mm_HandSolder,~,,
,,R541,22K,Device:R,Resistor_SMD:R_0805_2012Metric_Pad1.20x1.40mm_HandSolder,~,,
,,R542,22K,Device:R,Resistor_SMD:R_0805_2012Metric_Pad1.20x1.40mm_HandSolder,~,,
,,Trim1,100K,kassuVCA-rescue:R_POT-Device,Potentiometer_THT:Potentiometer_Bourns_3296W_Vertical,,,
,,Trim2,100K,kassuVCA-rescue:R_POT-Device,Potentiometer_THT:Potentiometer_Bourns_3296W_Vertical,,,
,,Trim3,100K,kassuVCA-rescue:R_POT-Device,Potentiometer_THT:Potentiometer_Bourns_3296W_Vertical,,,
,,Trim4,100K,kassuVCA-rescue:R_POT-Device,Potentiometer_THT:Potentiometer_Bourns_3296W_Vertical,,,
,,Trim5,100K,kassuVCA-rescue:R_POT-Device,Potentiometer_THT:Potentiometer_Bourns_3296W_Vertical,,,
,,Trim6,100K,kassuVCA-rescue:R_POT-Device,Potentiometer_THT:Potentiometer_Bourns_3296W_Vertical,,,
,,Trim7,100K,kassuVCA-rescue:R_POT-Device,Potentiometer_THT:Potentiometer_Bourns_3296W_Vertical,,,
,,Trim8,100K,kassuVCA-rescue:R_POT-Device,Potentiometer_THT:Potentiometer_Bourns_3296W_Vertical,,,
,,U1,TL072,Amplifier_Operational:TL072,Package_SO:SOIC-8_3.9x4.9mm_P1.27mm,http://www.ti.com/lit/ds/symlink/tl071.pdf,,
,,U2,TL072,Amplifier_Operational:TL072,Package_SO:SOIC-8_3.9x4.9mm_P1.27mm,http://www.ti.com/lit/ds/symlink/tl071.pdf,,
,,U3,TL072,Amplifier_Operational:TL072,Package_SO:SOIC-8_3.9x4.9mm_P1.27mm,http://www.ti.com/lit/ds/symlink/tl071.pdf,,
,,U4,TL072,Amplifier_Operational:TL072,Package_SO:SOIC-8_3.9x4.9mm_P1.27mm,http://www.ti.com/lit/ds/symlink/tl071.pdf,,
,,U301,TL074,Amplifier_Operational:TL074,Package_SO:SOIC-14_3.9x8.7mm_P1.27mm,http://www.ti.com/lit/ds/symlink/tl071.pdf,,
,,U401,TL072,Amplifier_Operational:TL072,Package_SO:SOIC-8_3.9x4.9mm_P1.27mm,http://www.ti.com/lit/ds/symlink/tl071.pdf,,
,,U402,TL072,Amplifier_Operational:TL072,Package_SO:SOIC-8_3.9x4.9mm_P1.27mm,http://www.ti.com/lit/ds/symlink/tl071.pdf,,
,,U501,TL072,Amplifier_Operational:TL072,Package_SO:SOIC-8_3.9x4.9mm_P1.27mm,http://www.ti.com/lit/ds/symlink/tl071.pdf,,
,,U502,TL072,Amplifier_Operational:TL072,Package_SO:SOIC-8_3.9x4.9mm_P1.27mm,http://www.ti.com/lit/ds/symlink/tl071.pdf,,
,,,,,,,,
,,,,,,,,
,,,,,,,,
Collated Components:,,,,,,,,
,,,,,,,,
Item,Qty,Reference(s),Value,LibPart,Footprint,Datasheet,,
10,8,"Q1, Q2, Q5, Q6, Q401, Q404, Q501, Q502",MMBT3904,Transistor_BJT:MMBT3904,Package_TO_SOT_SMD:SOT-23,https://www.onsemi.com/pub/Collateral/2N3903-D.PDF,3,24
11,8,"Q3, Q4, Q7, Q8, Q402, Q403, Q503, Q504",MBT3904DW1,Transistor_BJT:MBT3904DW1,Package_TO_SOT_SMD:SOT-363_SC-70-6,http://www.onsemi.com/pub_link/Collateral/MBT3904DW1T1-D.PDF,6,48
12,40,"R1, R2, R5, R6, R29, R30, R31, R32, R33, R34, R43, R44, R47, R48, R71, R72, R73, R74, R75, R76, R401, R402, R405, R406, R429, R430, R431, R432, R433, R434, R501, R502, R505, R506, R529, R530, R531, R532, R533, R534",220K,Device:R,Resistor_SMD:R_0805_2012Metric_Pad1.20x1.40mm_HandSolder,~,2,80
13,10,"R3, R4, R45, R46, R403, R404, R503, R504, R305, R306",100K,Device:R,Resistor_SMD:R_0805_2012Metric_Pad1.20x1.40mm_HandSolder,~,2,20
14,8,"R7, R8, R49, R50, R407, R408, R507, R508",47K,Device:R,Resistor_SMD:R_0805_2012Metric_Pad1.20x1.40mm_HandSolder,~,2,16
15,56,"R9, R10, R11, R12, R19, R21, R35, R36, R37, R38, R39, R40, R41, R42, R51, R52, R53, R54, R61, R63, R77, R78, R79, R80, R81, R82, R83, R84, R409, R410, R411, R412, R419, R421, R435, R436, R437, R438, R439, R440, R441, R442, R509, R510, R511, R512, R519, R521, R535, R536, R537, R538, R539, R540, R541, R542",22K,Device:R,Resistor_SMD:R_0805_2012Metric_Pad1.20x1.40mm_HandSolder,~,2,112
16,16,"R13, R14, R15, R16, R55, R56, R57, R58, R413, R414, R415, R416, R513, R514, R515, R516",1K,Device:R,Resistor_SMD:R_0805_2012Metric_Pad1.20x1.40mm_HandSolder,~,2,32
17,40,"R17, R18, R20, R22, R23, R24, R25, R26, R27, R28, R59, R60, R62, R64, R65, R66, R67, R68, R69, R70, R417, R418, R420, R422, R423, R424, R425, R426, R427, R428, R517, R518, R520, R522, R523, R524, R525, R526, R527, R528",10K,Device:R,Resistor_SMD:R_0805_2012Metric_Pad1.20x1.40mm_HandSolder,~,2,80
18,2,"R301, R302",39K,Device:R_Small,Resistor_SMD:R_0805_2012Metric_Pad1.20x1.40mm_HandSolder,~,2,4
19,2,"R303, R304",2K,Device:R_Small,Resistor_SMD:R_0805_2012Metric_Pad1.20x1.40mm_HandSolder,~,2,4
21,2,"R307, R308",1K,Device:R_Small,Resistor_SMD:R_0805_2012Metric_Pad1.20x1.40mm_HandSolder,~,2,4
23,8,"U1, U2, U3, U4, U401, U402, U501, U502",TL072,Amplifier_Operational:TL072,Package_SO:SOIC-8_3.9x4.9mm_P1.27mm,http://www.ti.com/lit/ds/symlink/tl071.pdf,8,64
24,1,U301,TL074,Amplifier_Operational:TL074,Package_SO:SOIC-14_3.9x8.7mm_P1.27mm,http://www.ti.com/lit/ds/symlink/tl071.pdf,14,14
,,,,,,,,502
